City_ID,City,Country,Lat,Lng,Max Temp,Humidity,Cloudiness,Wind Speed,Current Description
0,Nikolskoye,RU,59.7035,30.7861,75.09,55,68,3.87,broken clouds
1,Fortuna,US,40.5982,-124.1573,61.66,94,0,5.75,clear sky
2,Yellowknife,CA,62.456,-114.3525,55.92,94,100,11.5,light intensity shower rain
3,Ushuaia,AR,-54.8,-68.3,44.26,65,40,9.22,scattered clouds
4,Cherskiy,RU,68.75,161.3,53.65,67,72,8.61,broken clouds
5,College,US,64.8569,-147.8028,54.28,92,75,0.0,broken clouds
6,Bluff,NZ,-46.6,168.3333,41.13,87,6,5.5,clear sky
7,Albany,US,42.6001,-73.9662,81.63,69,9,1.99,clear sky
8,Castro,BR,-24.7911,-50.0119,78.46,35,42,3.94,scattered clouds
9,Banswara,IN,23.55,74.45,76.77,80,98,1.97,overcast clouds
10,Dawlatabad,AF,36.4141,64.9053,77.81,14,0,3.09,clear sky
11,Tezu,IN,27.9167,96.1667,76.14,97,100,1.39,overcast clouds
12,Lingao,CN,19.9103,109.6859,80.24,86,74,5.82,broken clouds
13,Severo-Kurilsk,RU,50.6789,156.125,59.58,94,47,19.71,scattered clouds
14,Ponferrada,ES,42.5466,-6.5962,91.81,33,41,3.0,scattered clouds
15,Rikitea,PF,-23.1203,-134.9692,72.18,76,100,25.52,light rain
16,Port-Gentil,GA,-0.7193,8.7815,76.96,78,20,8.05,few clouds
17,Qaanaaq,GL,77.484,-69.3632,35.98,59,62,2.75,broken clouds
18,Airai,TL,-8.9266,125.4092,55.69,82,44,2.89,scattered clouds
19,Avarua,CK,-21.2078,-159.775,71.65,88,18,5.75,few clouds
20,Kutum,SD,14.2,24.6667,76.05,52,93,16.73,overcast clouds
21,Kapaa,US,22.0752,-159.319,77.32,82,20,16.11,few clouds
22,Samarai,PG,-10.6167,150.6667,79.39,83,72,17.4,broken clouds
23,Baiyin,CN,36.5583,104.2081,60.48,55,100,1.74,overcast clouds
24,Saryg-Sep,RU,51.5,95.6,39.78,91,33,2.51,scattered clouds
25,Bethel,US,41.3712,-73.414,82.58,66,100,5.75,overcast clouds
26,Adrar,MR,20.5022,-10.0711,104.07,16,6,9.57,clear sky
27,Khatanga,RU,71.9667,102.5,33.78,79,39,5.46,scattered clouds
28,Tabou,CI,4.423,-7.3528,76.01,87,98,9.06,light rain
29,Chokurdakh,RU,70.6333,147.9167,44.83,79,90,6.69,overcast clouds
30,Narsaq,GL,60.9167,-46.05,46.62,78,100,2.98,light rain
31,San Patricio,US,28.017,-97.5169,91.9,53,12,10.25,few clouds
32,Kaitangata,NZ,-46.2817,169.8464,37.99,94,11,3.33,few clouds
33,Vaini,TO,-21.2,-175.2,69.96,94,20,5.75,few clouds
34,Cape Town,ZA,-33.9258,18.4232,56.1,61,20,5.75,few clouds
35,Gisborne,NZ,-38.6533,178.0042,50.2,68,100,13.33,overcast clouds
36,Alta Floresta,BR,-9.8756,-56.0861,100.22,27,40,8.05,smoke
37,Tak,TH,16.5833,98.8333,72.79,96,64,1.48,broken clouds
38,Tasiilaq,GL,65.6145,-37.6368,44.76,96,100,18.28,moderate rain
39,Punta Arenas,CL,-53.15,-70.9167,48.31,61,75,24.16,broken clouds
40,Broome,US,42.2506,-75.833,86.09,63,20,5.75,few clouds
41,Kailua,US,21.4022,-157.7394,79.14,75,21,7.0,few clouds
42,Baruun-Urt,MN,46.6806,113.2792,47.66,78,68,2.44,broken clouds
43,Grindavik,IS,63.8424,-22.4338,55.35,93,75,17.27,broken clouds
44,Atuona,PF,-9.8,-139.0333,77.2,71,18,24.2,few clouds
45,Asheboro,US,35.7079,-79.8136,90.01,60,75,4.61,broken clouds
46,Carnarvon,AU,-24.8667,113.6333,61.88,53,0,19.73,clear sky
47,Cidreira,BR,-30.1811,-50.2056,54.55,56,100,17.92,overcast clouds
48,Yeghegnavan,AM,39.838,44.6253,86.4,23,3,6.76,clear sky
49,Gigmoto,PH,13.7796,124.39,80.89,85,83,5.55,broken clouds
50,Kulhudhuffushi,MV,6.6221,73.07,80.64,82,65,19.53,broken clouds
51,Inuvik,CA,68.3499,-133.7218,45.61,96,75,9.22,mist
52,Sur,OM,22.5667,59.5289,84.81,61,11,11.14,few clouds
53,East London,ZA,-33.0153,27.9116,61.74,88,0,5.75,clear sky
54,Butaritari,KI,3.0707,172.7902,80.53,80,42,15.77,light rain
55,Busselton,AU,-33.65,115.3333,49.71,70,96,5.37,overcast clouds
56,Villazon,BO,-22.0866,-65.5942,55.2,39,100,17.02,overcast clouds
57,Domoni,KM,-12.2569,44.5319,73.99,74,2,4.5,clear sky
58,Hobart,AU,-42.8794,147.3294,50.05,89,100,3.0,overcast clouds
59,Korla,CN,41.7597,86.1469,73.45,32,43,4.25,scattered clouds
60,Mataura,NZ,-46.1927,168.8643,35.04,98,11,2.37,few clouds
61,Komsomolskoye,RU,55.2567,47.5461,72.72,43,96,6.91,overcast clouds
62,Saint-Augustin,CA,51.226,-58.6502,74.55,41,65,22.48,broken clouds
63,Tazovskiy,RU,67.4667,78.7,36.97,84,82,14.85,broken clouds
64,Den Helder,NL,52.9599,4.7593,66.96,74,75,10.36,broken clouds
65,Kafanchan,NG,9.5833,8.3,66.11,97,100,3.09,overcast clouds
66,Hithadhoo,MV,-0.6,73.0833,82.31,74,78,13.78,broken clouds
67,Akyab,MM,20.15,92.9,80.62,84,21,2.33,few clouds
68,Constitucion,CL,-35.3333,-72.4167,62.28,48,0,8.61,clear sky
69,Lawrenceburg,US,38.0373,-84.8966,93.69,62,0,5.99,clear sky
70,Sao Joao Da Barra,BR,-21.6403,-41.0511,84.29,73,4,18.48,clear sky
71,Zyryanka,RU,65.75,150.85,54.73,69,99,9.17,overcast clouds
72,Namtsy,RU,62.7161,129.6658,52.32,72,88,4.05,overcast clouds
73,Ventspils,LV,57.3894,21.5606,73.33,83,0,0.0,clear sky
74,Kolobrzeg,PL,54.1757,15.5834,71.15,73,38,9.28,scattered clouds
75,Bredasdorp,ZA,-34.5322,20.0403,52.92,62,15,5.75,few clouds
76,Hermanus,ZA,-34.4187,19.2345,53.8,71,10,9.33,clear sky
77,Bontang,ID,0.1333,117.5,75.97,91,45,5.73,scattered clouds
78,Hasaki,JP,35.7333,140.8333,68.4,76,95,16.71,overcast clouds
79,Honiara,SB,-9.4333,159.95,75.52,88,29,6.44,scattered clouds
80,Iracoubo,GF,5.4802,-53.2011,84.61,69,85,10.78,overcast clouds
81,Surt,LY,31.2089,16.5887,81.72,69,0,11.1,clear sky
82,Cap Malheureux,MU,-19.9842,57.6142,72.46,77,16,5.01,few clouds
83,Barao De Melgaco,BR,-16.1944,-55.9675,101.53,16,51,10.56,broken clouds
84,Klyuchi,RU,52.2667,79.1667,56.97,50,7,4.05,clear sky
85,Lompoc,US,34.6391,-120.4579,64.54,94,100,0.0,overcast clouds
86,Nanortalik,GL,60.1432,-45.2371,40.46,93,100,4.47,light rain
87,Arcachon,FR,44.5875,-1.0519,93.25,22,75,11.5,broken clouds
88,Turkmenabat,TM,39.0733,63.5786,80.58,18,0,2.3,clear sky
89,Houston,US,29.7633,-95.3633,94.41,64,75,11.5,broken clouds
90,Tolaga Bay,NZ,-38.3667,178.3,50.67,66,98,14.45,overcast clouds
91,Toamasina,MG,-18.1667,49.3833,71.6,83,75,4.61,broken clouds
92,Mar Del Plata,AR,-38.0023,-57.5575,51.94,57,75,13.0,broken clouds
93,Kyzyl-Suu,KG,42.3414,78.0056,55.49,45,11,3.96,few clouds
94,Sochaczew,PL,52.2294,20.2384,80.2,81,87,7.74,heavy intensity rain
95,Mao,ES,39.8885,4.2658,82.96,57,20,8.05,few clouds
96,Daru,PG,-9.0763,143.2092,77.76,91,40,13.11,scattered clouds
97,Tabuk,PH,17.4189,121.4443,73.8,92,100,3.62,overcast clouds
98,Nyagan,RU,62.1406,65.3936,62.35,87,13,8.63,light rain
99,Athabasca,CA,54.7169,-113.2854,63.01,41,56,15.39,broken clouds
100,Comodoro Rivadavia,AR,-45.8667,-67.5,58.86,25,0,12.66,clear sky
101,Port Alfred,ZA,-33.5906,26.891,61.74,75,4,7.47,clear sky
102,Rio Gallegos,AR,-51.6226,-69.2181,44.65,61,0,9.22,clear sky
103,Acajutla,SV,13.5928,-89.8275,83.5,74,100,4.81,overcast clouds
104,Pisco,PE,-13.7,-76.2167,63.01,88,100,5.75,mist
105,Diu,IN,20.7141,70.9822,78.69,76,100,7.18,overcast clouds
106,Marolambo,MG,-20.05,48.1167,58.75,98,77,1.45,broken clouds
107,Longyearbyen,SJ,78.2186,15.6401,40.84,65,40,10.36,scattered clouds
108,Napa,US,38.4832,-122.3344,81.37,30,2,4.03,clear sky
109,Bengkulu,ID,-3.8004,102.2655,74.68,90,100,4.43,overcast clouds
110,Warkworth,NZ,-36.4,174.6667,44.53,75,46,10.94,scattered clouds
111,Hilo,US,19.7297,-155.09,79.29,80,75,5.75,broken clouds
112,Provideniya,RU,64.3833,-173.3,44.74,75,35,2.77,scattered clouds
113,Fairbanks,US,64.8378,-147.7164,54.3,92,100,0.0,overcast clouds
114,Primero De Enero,CU,21.9469,-78.4283,91.24,54,98,9.04,overcast clouds
115,Talnakh,RU,69.4865,88.3972,34.21,79,93,7.83,overcast clouds
116,Mogadishu,SO,2.0371,45.3438,75.99,82,9,15.93,clear sky
117,Tiksi,RU,71.6872,128.8694,40.37,80,25,1.81,scattered clouds
118,Cabo San Lucas,MX,22.8909,-109.9124,91.62,74,69,3.0,broken clouds
119,Arman,RU,59.7,150.1667,53.02,88,100,6.87,overcast clouds
120,Manicore,BR,-5.8092,-61.3003,89.55,58,75,4.61,broken clouds
121,Campana,AR,-34.1687,-58.9591,59.23,37,0,7.9,clear sky
122,Erenhot,CN,43.6475,111.9767,53.71,80,20,6.93,few clouds
123,Pahrump,US,36.2083,-115.9839,93.94,24,0,5.01,clear sky
124,Stettler,CA,52.3168,-112.7186,64.74,52,33,19.57,scattered clouds
125,Hofn,IS,64.2539,-15.2082,51.85,77,100,3.62,overcast clouds
126,Tahta,EG,26.7693,31.5021,97.23,21,0,9.31,clear sky
127,Vardo,NO,70.3705,31.1107,49.98,87,75,12.66,broken clouds
128,New Norfolk,AU,-42.7826,147.0587,49.71,68,100,2.66,overcast clouds
129,Saskylakh,RU,71.9167,114.0833,40.05,73,100,7.31,overcast clouds
130,Chicama,PE,-7.8447,-79.1469,61.34,57,36,10.16,scattered clouds
131,Letlhakane,BW,-21.4167,25.5833,71.33,23,0,1.5,clear sky
132,Mikropolis,GR,41.1935,23.8157,78.3,55,33,2.13,scattered clouds
133,Bilma,NE,18.6853,12.9164,94.8,28,75,1.12,broken clouds
134,Dangriga,BZ,16.9692,-88.2321,84.79,74,73,9.33,broken clouds
135,Victoria,HK,22.2855,114.1577,86.38,87,100,8.01,overcast clouds
136,Jining,CN,35.405,116.5814,58.96,98,100,7.27,light rain
137,Port Elizabeth,ZA,-33.918,25.5701,59.09,84,20,11.5,few clouds
138,Tsiroanomandidy,MG,-18.7667,46.0333,65.82,39,11,3.49,few clouds
139,Atbasar,KZ,51.8,68.3333,59.97,39,0,6.24,clear sky
140,Colares,PT,38.7992,-9.4469,76.19,68,0,11.99,clear sky
141,Touros,BR,-5.1989,-35.4608,81.45,66,36,17.56,scattered clouds
142,Barrow,US,71.2906,-156.7887,39.22,93,100,4.61,overcast clouds
143,Lebedinyy,RU,58.5167,125.5167,46.45,76,40,9.17,scattered clouds
144,Lavrentiya,RU,65.5833,-171.0,40.41,79,26,0.2,scattered clouds
145,San Quintin,MX,30.4833,-115.95,72.82,71,82,10.89,broken clouds
146,Ponta Delgada,PT,37.7333,-25.6667,75.92,64,20,13.8,few clouds
147,San Cristobal,VE,7.7669,-72.225,82.58,46,44,7.94,scattered clouds
148,Edson,CA,53.5835,-116.4356,60.94,51,0,6.91,clear sky
149,Zhigansk,RU,66.7697,123.3711,46.62,78,91,14.43,overcast clouds
150,Kahului,US,20.8947,-156.47,78.84,69,20,9.22,few clouds
151,Havoysund,NO,70.9963,24.6622,50.23,90,98,6.26,overcast clouds
152,Ames,US,42.0347,-93.6199,81.21,72,0,19.57,clear sky
153,Rocha,UY,-34.4833,-54.3333,49.53,53,81,15.37,broken clouds
154,Petropavlovsk-Kamchatskiy,RU,53.0452,158.6483,54.19,100,100,4.47,fog
155,Luderitz,NA,-26.6481,15.1594,58.78,61,0,25.3,clear sky
156,Puerto Ayora,EC,-0.7393,-90.3518,78.76,81,97,8.01,overcast clouds
157,Huarmey,PE,-10.0681,-78.1522,68.2,69,25,11.9,scattered clouds
158,Turukhansk,RU,65.8167,87.9833,31.48,89,86,5.35,overcast clouds
159,Sao Jose Da Coroa Grande,BR,-8.8978,-35.1478,77.4,75,45,10.67,scattered clouds
160,Gazojak,TM,41.1875,61.4036,80.96,14,0,9.98,clear sky
161,Aklera,IN,24.4167,76.5667,78.42,78,98,5.32,overcast clouds
162,New Castle,US,41.0037,-80.347,88.43,52,20,3.44,few clouds
163,Pozo Colorado,PY,-23.4923,-58.7972,75.87,46,100,16.67,overcast clouds
164,Ahipara,NZ,-35.1667,173.1667,49.3,89,6,5.99,clear sky
165,Tubuala,PA,9.5167,-79.0333,83.73,74,100,7.07,overcast clouds
166,Faanui,PF,-16.4833,-151.75,77.0,75,11,9.86,few clouds
167,Ribeira Grande,PT,38.5167,-28.7,77.4,69,75,10.36,broken clouds
168,Nabire,ID,-3.3667,135.4833,74.98,92,100,3.76,overcast clouds
169,La Asuncion,VE,11.0333,-63.8628,84.99,67,15,11.07,few clouds
170,Zharkent,KZ,44.1628,80.0,69.24,27,1,3.15,clear sky
171,Ilo,PE,-17.6394,-71.3375,63.9,70,100,8.88,overcast clouds
172,Kampong Thum,KH,12.7111,104.8887,76.5,92,100,10.87,overcast clouds
173,Nemuro,JP,43.3236,145.575,62.2,93,100,7.74,overcast clouds
174,Mayo,US,38.8876,-76.5119,90.23,74,0,8.05,clear sky
175,Ballina,AU,-28.8667,153.5667,56.01,99,39,2.33,scattered clouds
176,Meiktila,MM,20.8667,95.8667,79.25,81,56,6.8,broken clouds
177,Dikson,RU,73.5069,80.5464,39.54,95,100,14.76,light rain
178,Wildwood,US,38.5828,-90.6629,91.42,60,20,13.0,few clouds
179,Dingle,PH,10.9995,122.6711,76.53,91,37,2.66,scattered clouds
180,Nome,US,64.5011,-165.4064,44.67,77,0,0.0,clear sky
181,Carauari,BR,-4.8828,-66.8958,94.96,39,96,3.69,overcast clouds
182,Portland,US,45.5234,-122.6762,68.86,67,75,8.05,broken clouds
183,Bibiani,GH,6.4635,-2.3194,73.02,95,85,2.24,light rain
184,Georgetown,MY,5.4112,100.3354,78.89,96,40,5.01,moderate rain
185,Kruisfontein,ZA,-34.0033,24.7314,56.88,64,52,14.07,broken clouds
186,Kautokeino,NO,69.0125,23.0412,46.69,77,81,16.71,broken clouds
187,Tacuarembo,UY,-31.7333,-55.9833,51.21,51,6,14.0,clear sky
188,Upernavik,GL,72.7868,-56.1549,39.22,72,61,8.01,broken clouds
189,Tuktoyaktuk,CA,69.4541,-133.0374,42.8,93,100,5.75,light intensity drizzle
190,Saint-Pierre,RE,-21.3393,55.4781,71.29,75,0,2.3,clear sky
191,Lebu,CL,-37.6167,-73.65,55.67,62,0,12.62,clear sky
192,Namibe,AO,-15.1961,12.1522,61.57,82,30,8.12,scattered clouds
193,Englehart,CA,47.8169,-79.8664,77.56,53,20,19.57,few clouds
194,Belyy,RU,55.8402,32.9419,69.48,52,99,4.85,overcast clouds
195,Acapulco,MX,16.8634,-99.8901,85.93,64,65,5.61,broken clouds
196,Kolochava,UA,48.4285,23.6959,76.51,57,51,3.02,broken clouds
197,Umm Lajj,SA,25.0213,37.2685,88.38,62,2,7.58,clear sky
198,Bathsheba,BB,13.2167,-59.5167,88.41,70,20,13.8,few clouds
199,Avera,US,33.194,-82.5271,90.55,47,81,9.1,broken clouds
200,Gat,IL,31.61,34.7642,87.4,100,0,13.35,clear sky
201,Alberton,CA,46.8168,-64.0654,73.53,52,1,6.55,clear sky
202,Aklavik,CA,68.2191,-135.0107,48.2,93,100,8.05,fog
203,Thoen,TH,17.6129,99.2161,75.45,97,38,1.1,scattered clouds
204,Melilla,ES,35.2937,-2.9383,82.6,89,100,5.75,overcast clouds
205,Esso,RU,55.9333,158.7,57.52,99,100,5.1,light rain
206,Meulaboh,ID,4.1363,96.1285,75.33,89,86,3.13,overcast clouds
207,Yar-Sale,RU,66.8333,70.8333,37.99,72,83,8.79,broken clouds
208,Caravelas,BR,-17.7125,-39.2481,78.21,62,54,8.12,broken clouds
209,Mahebourg,MU,-20.4081,57.7,72.25,87,23,11.79,light rain
210,Saint Anthony,US,45.0205,-93.218,75.9,90,100,11.5,overcast clouds
211,Guerrero Negro,MX,27.9769,-114.0611,75.65,66,80,13.53,broken clouds
212,Zhanaozen,KZ,43.3,52.8,81.57,18,0,9.31,clear sky
213,Sergeyevka,KZ,53.88,67.4158,59.18,45,10,3.24,clear sky
214,Belmonte,BR,-15.8631,-38.8828,74.25,77,59,6.93,broken clouds
215,Moose Factory,CA,51.2585,-80.6094,73.4,73,0,17.27,clear sky
216,Do Gonbadan,IR,30.3586,50.7981,91.49,22,0,9.22,clear sky
217,Mocuba,MZ,-16.8392,36.9856,72.43,60,0,8.39,clear sky
218,Lorengau,PG,-2.0226,147.2712,80.2,83,82,11.25,broken clouds
219,Trincomalee,LK,8.5711,81.2335,79.68,76,93,15.19,overcast clouds
220,Ambon,ID,-3.6954,128.1814,76.23,16,40,5.75,scattered clouds
221,Northam,GB,51.0333,-4.2167,71.38,62,97,6.69,overcast clouds
222,Zhurivka,UA,50.5028,31.7849,70.3,52,67,8.79,broken clouds
223,Souillac,MU,-20.5167,57.5167,70.45,88,23,10.27,few clouds
224,Jamestown,US,42.097,-79.2353,83.17,54,100,5.99,overcast clouds
225,Muros,ES,42.7762,-9.0603,84.69,84,76,2.73,broken clouds
226,Komsomolskiy,UZ,40.4272,71.7189,77.72,27,69,6.91,broken clouds
227,Port Said,EG,31.2565,32.2841,81.37,73,0,16.69,clear sky
228,Klaksvik,FO,62.2266,-6.589,50.92,74,12,9.55,few clouds
229,Yasothon,TH,15.75,104.1333,80.38,79,49,2.1,scattered clouds
230,Hervey Bay,AU,-25.2986,152.8535,65.89,77,42,11.63,scattered clouds
231,Ulaanbaatar,MN,47.9077,106.8832,44.73,87,40,2.24,scattered clouds
232,Lofthus,NO,59.9468,10.8018,66.52,26,63,2.33,broken clouds
233,Baniachang,BD,24.5167,91.3667,76.91,90,82,3.87,broken clouds
234,Kodiak,US,57.79,-152.4072,53.11,82,100,9.22,light rain
235,Cayenne,GF,4.9333,-52.3333,87.84,66,75,11.5,broken clouds
236,Jalu,LY,29.0331,21.5482,91.76,28,0,10.49,clear sky
237,Bucerias,MX,20.75,-105.3333,87.98,62,20,3.44,few clouds
238,Carbondale,US,37.7273,-89.2168,91.06,58,40,13.8,scattered clouds
239,Monaghan,IE,54.25,-6.9667,61.39,81,100,2.86,light rain
240,Kavieng,PG,-2.5744,150.7967,81.84,79,46,16.64,light rain
241,Katsuura,JP,35.1333,140.3,73.96,80,99,17.16,overcast clouds
242,Iqaluit,CA,63.7506,-68.5145,47.93,61,40,9.22,scattered clouds
243,Torbay,CA,47.6666,-52.7314,70.39,66,40,9.22,scattered clouds
244,Hambantota,LK,6.1241,81.1185,78.66,80,77,17.02,broken clouds
245,Nuuk,GL,64.1835,-51.7216,52.41,43,40,15.01,scattered clouds
246,Kaeo,NZ,-35.1,173.7833,49.32,94,41,7.43,scattered clouds
247,Cabedelo,BR,-6.9811,-34.8339,83.07,75,38,16.87,scattered clouds
248,Spanish Town,JM,17.9911,-76.9574,89.22,71,40,19.57,scattered clouds
249,Kenora,CA,49.8167,-94.4337,72.57,78,75,11.5,broken clouds
250,Enshi,CN,30.3,109.4833,75.2,96,100,0.74,overcast clouds
251,Taoudenni,ML,22.6783,-3.9836,105.08,20,48,20.11,scattered clouds
252,Ostrovnoy,RU,68.0531,39.5131,55.22,85,92,7.07,overcast clouds
253,Kokkola,FI,63.8385,23.1307,58.93,89,0,2.3,clear sky
254,Bryan,US,30.6744,-96.37,93.47,53,75,6.91,broken clouds
255,Sitka,US,57.0531,-135.33,57.09,88,100,4.61,overcast clouds
256,Pasni,PK,25.2631,63.471,79.57,83,0,14.14,clear sky
257,Augusto Correa,BR,-1.0217,-46.635,85.39,62,67,8.61,broken clouds
258,Griffith,US,41.5284,-87.4237,90.03,62,0,14.97,clear sky
259,Chhatapur,IN,26.2167,87.0167,77.74,91,100,8.9,overcast clouds
260,Dawei,MM,14.0833,98.2,77.61,92,71,0.67,broken clouds
261,Pauini,BR,-7.7136,-66.9764,95.45,34,88,4.61,overcast clouds
262,Mexticacan,MX,21.2654,-102.7798,75.58,56,85,5.53,overcast clouds
263,Namatanai,PG,-3.6667,152.4333,79.0,83,60,11.32,broken clouds
264,Isabela,PH,6.7085,121.9711,79.18,84,7,4.43,clear sky
265,Port Lincoln,AU,-34.7333,135.8667,55.09,80,92,12.93,overcast clouds
266,Tevriz,RU,57.509,72.4042,53.47,79,4,5.91,clear sky
267,Punta Alta,AR,-38.8759,-62.0736,55.9,30,0,9.8,clear sky
268,Diamantino,BR,-14.4086,-56.4461,101.28,15,6,9.82,clear sky
269,Chuy,UY,-33.6971,-53.4616,51.6,48,71,14.2,broken clouds
270,Arraial Do Cabo,BR,-22.9661,-42.0278,89.56,57,0,12.66,clear sky
271,Leningradskiy,RU,69.3833,178.4167,36.95,92,84,1.1,broken clouds
272,Riosucio,CO,5.4216,-75.7032,71.08,70,93,0.89,light rain
273,Pimentel,PE,-6.8367,-79.9342,68.29,64,40,9.22,scattered clouds
274,San Pancrazio Salentino,IT,40.4191,17.8305,84.22,55,72,3.13,broken clouds
275,Manta,EC,-0.95,-80.7333,78.58,69,40,11.5,scattered clouds
276,Ancud,CL,-41.8697,-73.8203,50.13,62,31,5.03,scattered clouds
277,Phangnga,TH,8.4509,98.5298,77.04,91,71,2.15,broken clouds
278,Waipawa,NZ,-41.4122,175.5153,42.37,80,100,6.4,overcast clouds
279,Coihaique,CL,-45.5752,-72.0662,48.81,49,0,5.75,clear sky
280,Saldanha,ZA,-33.0117,17.9442,53.65,62,17,9.55,few clouds
281,Baykit,RU,61.67,96.37,39.58,92,96,6.29,light rain
282,Barra Do Garcas,BR,-15.89,-52.2567,97.38,21,0,2.3,clear sky
283,Starosubkhangulovo,RU,53.1031,57.4423,67.39,54,39,1.7,scattered clouds
284,Krasnoselkup,RU,65.7,82.4667,37.9,90,100,14.85,light rain
285,Leshukonskoye,RU,64.8989,45.7622,60.69,81,82,3.96,broken clouds
286,Peterhead,GB,57.5058,-1.7981,62.46,77,50,6.49,scattered clouds
287,Berlevag,NO,70.8578,29.0864,51.8,87,100,6.91,overcast clouds
288,Sarangani,PH,5.4033,125.4636,83.7,73,74,12.03,broken clouds
289,Buin,CL,-33.7333,-70.75,86.43,21,0,2.46,clear sky
290,Tibacuy,CO,4.3511,-72.4564,88.59,56,56,5.86,broken clouds
291,Russell,US,32.3502,-85.1999,89.38,66,20,6.91,few clouds
292,Balkanabat,TM,39.5108,54.3671,86.68,15,0,5.77,clear sky
293,Key Biscayne,US,25.6937,-80.1628,93.02,72,75,5.75,broken clouds
294,Saint-Philippe,RE,-21.3585,55.7679,71.22,86,44,8.05,scattered clouds
295,Gazanjyk,TM,39.2446,55.5154,82.6,15,0,7.87,clear sky
296,Angren,UZ,41.0167,70.1436,66.09,24,0,1.23,clear sky
297,Shubarshi,KZ,48.5872,57.1869,75.34,36,44,6.06,scattered clouds
298,Coquimbo,CL,-29.9533,-71.3436,56.93,82,75,11.5,broken clouds
299,Olafsvik,IS,64.8945,-23.7142,52.48,85,100,15.5,overcast clouds
300,Dabakala,CI,8.3667,-4.4333,73.71,94,95,6.71,light rain
301,Henties Bay,NA,-22.116,14.2845,54.52,89,0,11.12,clear sky
302,Esperance,AU,-33.8667,121.9,51.71,61,96,8.39,overcast clouds
303,Poronaysk,RU,49.2167,143.1167,54.25,91,58,5.39,broken clouds
304,Grand Gaube,MU,-20.0064,57.6608,72.37,77,17,5.01,few clouds
305,Svetlogorsk,BY,52.6333,29.7333,62.06,74,91,3.85,overcast clouds
306,Sistranda,NO,63.7256,8.834,53.56,79,26,9.86,scattered clouds
307,Progreso,MX,21.2833,-89.6667,89.46,58,10,8.03,clear sky
308,Westerly,US,41.3776,-71.8273,82.62,72,0,13.8,clear sky
309,Wajima,JP,37.4,136.9,70.97,66,60,12.57,broken clouds
310,Zeya,RU,53.75,127.2667,51.58,88,11,3.71,few clouds
311,Arouca,TT,10.6333,-61.3333,89.31,58,40,5.75,scattered clouds
312,Shache,CN,38.4167,77.2406,66.9,53,100,6.44,overcast clouds
313,Newburgh,US,41.5034,-74.0104,84.85,64,75,10.36,broken clouds
314,Auki,SB,-8.7676,160.7034,75.34,89,27,4.76,scattered clouds
315,Taranto,IT,40.6167,17.25,77.86,65,92,3.74,overcast clouds
316,Dvinskoy,RU,62.1535,45.1175,66.11,69,25,4.45,scattered clouds
317,Fort Frances,CA,48.5999,-93.4003,78.17,65,100,8.05,overcast clouds
318,Tulay,PH,14.2697,120.7692,76.77,89,78,0.49,broken clouds
319,Ugoofaaru,MV,5.6667,73.0,80.01,83,91,17.56,heavy intensity rain
320,Vestmannaeyjar,IS,63.4427,-20.2734,52.79,87,75,19.57,broken clouds
321,Lagoa,PT,39.05,-27.9833,71.35,69,100,15.01,overcast clouds
322,North Bend,US,43.4065,-124.2243,71.24,78,0,13.8,clear sky
323,Manyoni,TZ,-5.7467,34.8382,74.08,39,89,10.83,overcast clouds
324,Yantal,RU,56.8471,105.2542,42.21,94,92,10.18,overcast clouds
325,Karpogory,RU,64.0019,44.4451,61.52,80,36,3.27,scattered clouds
326,The Valley,AI,18.217,-63.0578,87.66,70,40,14.97,scattered clouds
327,Soyo,AO,-6.1349,12.3689,71.55,83,97,8.86,overcast clouds
328,Sechura,PE,-5.5569,-80.8222,75.67,54,28,14.34,scattered clouds
329,Uyuni,BO,-20.4597,-66.825,57.11,19,99,12.37,overcast clouds
330,Adre,TD,13.4667,22.2,77.67,68,89,4.63,light rain
331,Marsh Harbour,BS,26.5412,-77.0636,85.33,69,9,14.83,clear sky
332,Teguldet,RU,57.3064,88.1667,51.12,97,100,11.74,light rain
333,Shumskiy,RU,54.8318,99.1328,46.4,70,76,10.85,broken clouds
334,Gambela,ET,8.25,34.5833,72.7,87,58,3.24,broken clouds
335,Kieta,PG,-6.2167,155.6333,77.81,85,98,4.76,overcast clouds
336,Thompson,CA,55.7435,-97.8558,68.16,83,100,3.44,overcast clouds
337,Baoding,CN,38.8511,115.4903,59.07,97,100,5.99,overcast clouds
338,Puerto Escondido,MX,15.85,-97.0667,84.6,66,100,2.91,overcast clouds
339,Ambrolauri,GE,42.5211,43.1622,69.67,52,0,4.94,clear sky
340,Union Hidalgo,MX,16.4723,-94.8295,81.81,82,100,3.0,overcast clouds
341,Ixtapa,MX,20.7,-105.2,87.22,65,97,4.0,overcast clouds
342,Kumluca,TR,36.3703,30.2869,81.93,68,1,2.21,clear sky
343,Port Hedland,AU,-20.3167,118.5667,57.25,82,0,2.3,clear sky
344,Murgab,TM,37.4966,61.9714,78.67,34,0,4.61,clear sky
345,Leh,IN,34.1667,77.5833,63.75,43,29,6.04,scattered clouds
346,Molteno,ZA,-31.3968,26.3625,56.43,26,13,7.07,few clouds
347,Aykhal,RU,66.0,111.5,42.66,92,87,19.24,light rain
348,Tessalit,ML,20.1986,1.0114,86.85,42,93,12.75,light rain
349,Le Port,RE,-20.9373,55.2919,71.62,78,17,3.4,light rain
350,Port Hardy,CA,50.6996,-127.4199,60.98,88,75,8.05,broken clouds
351,Quang Ngai,VN,15.1167,108.8,78.75,87,95,3.91,overcast clouds
352,Rexburg,US,43.826,-111.7897,70.43,39,0,12.66,clear sky
353,Pergamino,AR,-33.89,-60.5736,59.18,27,0,8.01,clear sky
354,Juneau,US,58.3019,-134.4197,55.4,100,100,6.91,moderate rain
355,Kabalo,CD,-6.05,26.9167,77.38,60,59,4.81,broken clouds
356,Sinnamary,GF,5.3833,-52.95,83.1,74,77,10.89,broken clouds
357,Caxito,AO,-8.5785,13.6643,71.73,79,91,6.98,overcast clouds
358,Nara,JP,34.6851,135.8049,72.5,50,6,2.59,clear sky
359,Vangaindrano,MG,-23.35,47.6,65.48,88,1,4.27,clear sky
360,Waingapu,ID,-9.6567,120.2641,75.15,85,23,6.91,few clouds
361,Mandalgovi,MN,45.7625,106.2708,48.0,81,0,5.26,clear sky
362,Mutoko,ZW,-17.397,32.2268,62.62,36,1,5.79,clear sky
363,Ust-Nera,RU,64.5667,143.2,44.44,87,66,1.95,broken clouds
364,Sept-Iles,CA,50.2001,-66.3821,66.72,65,75,13.8,broken clouds
365,Lubsko,PL,51.7847,14.972,66.88,82,84,7.67,broken clouds
366,Aberystwyth,GB,52.4155,-4.0829,69.89,68,100,4.63,overcast clouds
367,Loa Janan,ID,-0.583,117.095,72.86,99,89,1.63,overcast clouds
368,Anadyr,RU,64.75,177.4833,45.1,93,20,4.47,fog
369,Ambilobe,MG,-13.2,49.05,69.01,80,31,1.79,scattered clouds
370,Ribas Do Rio Pardo,BR,-20.4431,-53.7592,93.76,22,74,3.85,broken clouds
371,Vila Velha,BR,-20.3297,-40.2925,82.35,75,0,14.97,clear sky
372,Port Pirie,AU,-33.1833,138.0167,54.19,55,69,5.19,broken clouds
373,Channel-Port Aux Basques,CA,47.5702,-59.1367,66.0,65,5,12.77,clear sky
374,Alofi,NU,-19.0595,-169.9187,62.49,94,58,1.14,broken clouds
375,Tual,ID,-5.6667,132.75,79.74,87,97,14.38,overcast clouds
376,Bambous Virieux,MU,-20.3428,57.7575,72.21,87,25,11.72,light rain
377,Matagami,CA,49.7502,-77.6328,64.51,88,75,12.66,light rain
378,Kalmar,SE,56.6616,16.3616,67.96,93,75,11.5,broken clouds
379,Oga,IT,46.4631,10.347,70.48,80,84,3.27,broken clouds
380,Qaqortoq,GL,60.7167,-46.0333,42.58,82,100,2.55,overcast clouds
381,Khash,IR,28.2211,61.2158,74.93,10,0,8.68,clear sky
382,Yenagoa,NG,4.9247,6.2642,77.25,80,100,4.65,overcast clouds
383,Port Hawkesbury,CA,45.6169,-61.3485,73.89,54,0,8.05,clear sky
384,Port Shepstone,ZA,-30.7414,30.455,66.85,85,77,14.41,light rain
385,Lagos,NG,6.5833,3.75,80.92,83,70,5.26,broken clouds
386,Scarborough,GB,54.2797,-0.4044,64.78,80,92,1.99,overcast clouds
387,Bassila,BJ,9.0081,1.6654,72.37,95,99,4.14,light rain
388,Tiarei,PF,-17.5333,-149.3333,75.22,76,3,5.66,clear sky
389,Santa Maria,BR,-29.6842,-53.8069,56.5,47,75,6.91,broken clouds
390,Pasir Gudang,MY,1.4584,103.8805,79.0,87,0,2.3,clear sky
391,Mildura,AU,-34.2,142.15,55.08,68,57,18.95,broken clouds
392,Rosetown,CA,51.5501,-108.0014,61.66,88,100,18.41,overcast clouds
393,Imeni Babushkina,RU,59.7573,43.1285,67.26,60,2,5.41,clear sky
394,Litovko,RU,49.2361,135.1742,48.52,92,7,1.34,clear sky
395,Camana,PE,-16.6228,-72.7111,64.94,70,100,9.6,overcast clouds
396,Lidkoping,SE,58.5052,13.1577,57.22,93,100,14.27,light rain
397,Kloulklubed,PW,7.0419,134.2556,84.13,74,83,12.82,broken clouds
398,Nelson Bay,AU,-32.7167,152.15,58.08,94,38,10.0,scattered clouds
399,Taywarah,AF,33.35,64.4167,55.02,14,0,6.98,clear sky
400,Mount Pleasant,US,32.7941,-79.8626,87.94,81,20,11.5,few clouds
401,Gualaco,HN,15.05,-86.05,89.44,71,67,3.09,broken clouds
402,Matay,EG,28.419,30.7792,94.33,30,0,14.29,clear sky
403,Pitsunda,GE,43.1592,40.3378,77.18,73,0,3.13,clear sky
404,Boguchany,RU,58.3814,97.4531,43.09,97,99,4.5,light rain
405,Yakeshi,CN,49.2833,120.7333,48.79,77,39,3.65,scattered clouds
406,Rossland,CA,49.0831,-117.8022,66.9,36,55,2.51,broken clouds
407,Mul,IN,20.0667,79.6667,77.41,91,98,3.91,moderate rain
408,Sulangan,PH,11.1373,123.7228,83.53,74,11,5.57,few clouds
409,Ponta Do Sol,PT,32.6667,-17.1,75.0,64,64,4.12,broken clouds
410,Ville-Marie,CA,47.3335,-79.433,77.79,40,100,11.56,overcast clouds
411,Denpasar,ID,-8.65,115.2167,78.46,88,40,8.05,scattered clouds
412,Corinto,GR,37.9407,22.9573,82.89,61,5,2.77,clear sky
413,Sao Filipe,CV,14.8961,-24.4956,78.12,77,77,12.5,broken clouds
414,La Ronge,CA,55.1001,-105.2842,64.65,88,100,11.5,smoke
415,Gayny,RU,60.3071,54.3241,68.31,65,11,8.68,few clouds
416,Boquira,BR,-12.8231,-42.7306,89.2,21,7,4.88,clear sky
417,Shatrovo,RU,56.5167,64.6333,61.16,76,7,4.61,clear sky
418,Safaga,EG,26.7292,33.9365,90.43,54,28,4.81,scattered clouds
419,Mount Gambier,AU,-37.8333,140.7667,54.97,56,80,10.25,broken clouds
420,Chapais,CA,49.7834,-74.8492,73.18,39,99,15.12,overcast clouds
421,Anda,CN,46.4,125.3167,59.95,88,100,8.21,overcast clouds
422,Byron Bay,AU,-28.65,153.6167,54.95,85,57,5.93,light rain
423,Nhulunbuy,AU,-12.2333,136.7667,75.81,94,75,6.91,broken clouds
424,Praia Da Vitoria,PT,38.7333,-27.0667,77.25,65,20,15.17,few clouds
425,Carutapera,BR,-1.195,-46.02,85.82,62,89,11.86,overcast clouds
426,Saint George,US,37.1041,-113.5841,93.43,26,0,4.61,clear sky
427,Butterworth,MY,5.3991,100.3638,79.0,97,40,5.01,light rain
428,Lichuan,CN,30.3,108.85,68.58,95,100,4.61,overcast clouds
429,Norman Wells,CA,65.282,-126.8329,59.04,82,75,4.61,broken clouds
430,Labuhan,ID,-6.8844,112.2051,76.17,73,90,10.69,overcast clouds
431,Kelo,TD,9.3086,15.8066,69.28,97,100,4.65,overcast clouds
432,Bilibino,RU,68.0546,166.4372,47.26,70,86,2.71,overcast clouds
433,Tartagal,AR,-22.5164,-63.8013,61.88,25,100,9.55,overcast clouds
434,Kozhevnikovo,RU,56.2589,83.9714,56.25,83,100,9.19,overcast clouds
435,Denizli,TR,37.8402,29.0698,84.9,42,37,7.02,scattered clouds
436,Noboribetsu,JP,42.4514,141.1731,62.33,79,7,6.85,clear sky
437,Salme,NP,28.0369,85.0942,64.69,91,83,1.86,broken clouds
438,Isangel,VU,-19.55,169.2667,72.9,78,100,13.53,overcast clouds
439,Ngunguru,NZ,-35.6167,174.5,55.96,72,27,15.17,scattered clouds
440,La Fria,VE,8.2203,-72.2439,91.51,50,86,6.4,overcast clouds
441,Vryburg,ZA,-26.9566,24.7284,69.6,20,0,8.57,clear sky
442,Ranavav,IN,21.6842,69.7408,80.28,73,100,7.52,overcast clouds
443,Guymon,US,36.6828,-101.4816,90.88,30,0,6.4,clear sky
444,Pevek,RU,69.7008,170.3133,39.13,78,45,5.32,scattered clouds
445,Nioro,GM,13.35,-15.75,82.62,83,95,4.68,moderate rain
446,Konstantinovka,RU,49.6167,127.9833,59.99,73,100,5.64,overcast clouds
447,Luanda,AO,-8.8368,13.2343,71.6,78,75,3.44,broken clouds
448,Vila Franca Do Campo,PT,37.7167,-25.4333,75.61,68,69,10.85,broken clouds
449,Bonavista,CA,48.6499,-53.1147,64.6,62,10,8.03,clear sky
450,Narrabri,AU,-30.3167,149.7833,53.76,79,16,7.43,few clouds
451,Kaputa,ZM,-8.4689,29.6619,76.89,46,20,3.98,few clouds
452,Sorland,NO,67.667,12.6934,51.66,82,99,17.74,overcast clouds
453,Santa,PH,17.486,120.4348,78.67,86,100,2.98,overcast clouds
454,Sakaraha,MG,-22.9,44.5333,69.78,38,4,9.44,clear sky
455,Challapata,BO,-18.9,-66.7667,57.34,27,100,19.95,overcast clouds
456,Yerbogachen,RU,61.2767,108.0108,39.85,95,86,8.99,overcast clouds
457,Monte Carmelo,BR,-18.7247,-47.4986,87.96,18,13,5.93,few clouds
458,Ahuimanu,US,21.4447,-157.8378,79.86,76,20,5.01,few clouds
459,Deputatskiy,RU,69.3,139.9,43.74,80,99,1.68,overcast clouds
460,Senj,HR,44.9894,14.9058,77.67,79,18,2.71,few clouds
461,Boyolangu,ID,-8.1181,111.8935,73.71,78,100,6.55,overcast clouds
462,Cairns,AU,-16.9167,145.7667,73.06,94,100,14.97,overcast clouds
463,Whyalla,AU,-33.0333,137.5833,54.19,73,38,8.79,scattered clouds
464,Mehamn,NO,71.0357,27.8492,51.75,82,75,5.75,broken clouds
465,Goderich,CA,43.7501,-81.7165,80.91,57,100,10.36,overcast clouds
466,Marzuq,YE,14.4,46.4667,83.71,42,52,4.94,broken clouds
467,Karratha,AU,-20.7377,116.8463,69.08,34,0,9.64,clear sky
468,Haflong,IN,25.1833,93.0333,71.76,88,85,1.68,overcast clouds
469,Kemin,KG,42.7846,75.6892,62.47,29,49,5.1,scattered clouds
470,Runcorn,GB,53.3417,-2.7312,73.26,60,20,3.44,few clouds
471,Amga,RU,60.8953,131.9608,47.75,77,82,2.21,broken clouds
472,Havelock,US,34.8791,-76.9013,87.93,74,40,12.66,scattered clouds
473,Horodok,UA,49.1637,26.5839,74.32,37,29,7.0,scattered clouds
474,Copiapo,CL,-27.3667,-70.3333,58.69,30,0,7.27,clear sky
475,Prince Rupert,CA,54.3161,-130.3201,59.09,90,100,12.66,overcast clouds
476,Ilulissat,GL,69.2167,-51.1,41.05,60,53,8.23,broken clouds
477,Marsa Matruh,EG,31.3525,27.2453,80.02,68,0,10.25,clear sky
478,Aitape,PG,-3.1374,142.3475,76.91,87,99,4.23,overcast clouds
479,Tauranga,NZ,-37.6861,176.1667,48.85,84,5,1.01,clear sky
480,Sainte-Thecle,CA,46.8168,-72.4991,73.45,55,37,8.08,scattered clouds
481,Caucaia,BR,-3.7361,-38.6531,89.31,60,0,14.97,clear sky
482,Esqueda,MX,30.7167,-109.5833,81.55,52,69,2.71,broken clouds
483,Aranos,NA,-24.1333,19.1167,71.58,16,0,8.93,clear sky
484,Stavern,NO,59.0,10.0333,67.17,67,99,17.54,overcast clouds
485,San Fernando,PH,15.0286,120.6898,78.53,96,75,3.36,broken clouds
486,Mount Isa,AU,-20.7333,139.5,71.37,73,75,5.75,light intensity shower rain
487,Matara,LK,5.9485,80.5353,77.54,88,85,9.82,overcast clouds
488,Tiznit,MA,29.5833,-9.5,72.37,64,19,7.85,few clouds
489,Mangalia,RO,43.8,28.5833,76.87,68,1,10.07,clear sky
490,Rauma,FI,61.1272,21.5113,57.24,70,100,13.31,light rain
491,Neosho,US,36.869,-94.368,87.08,70,89,8.01,overcast clouds
492,Eureka,US,40.8021,-124.1637,61.93,86,77,1.99,broken clouds
493,Half Moon Bay,US,37.4636,-122.4286,74.44,74,100,10.36,mist
494,Dali,CN,25.7,100.1833,63.07,95,100,4.18,overcast clouds
495,Brownsville,US,25.9018,-97.4975,93.09,64,36,5.99,scattered clouds
496,Tuatapere,NZ,-46.1333,167.6833,39.06,92,6,4.05,clear sky
497,Olinda,BR,-8.0089,-34.8553,80.33,69,20,13.8,few clouds
498,Ziro,IN,27.6333,93.8333,59.76,99,99,1.01,overcast clouds
499,Timra,SE,62.487,17.3257,60.67,51,75,10.36,broken clouds
500,Hibbing,US,47.4272,-92.9377,71.56,23,95,9.69,overcast clouds
501,Zaozhuang,CN,34.8647,117.5542,60.44,94,100,10.25,moderate rain
502,Nishihara,JP,26.1842,127.7558,84.25,84,40,3.44,scattered clouds
503,Acari,PE,-15.4311,-74.6158,74.7,49,52,9.28,broken clouds
504,Geraldton,AU,-28.7667,114.6,50.41,93,75,0.0,broken clouds
505,Bairiki,KI,1.3292,172.9752,80.6,78,40,11.5,scattered clouds
506,Sakakah,SA,29.9697,40.2064,96.37,12,3,8.03,clear sky
507,Irbit,RU,57.6705,63.071,59.65,60,18,5.75,few clouds
508,Mwene-Ditu,CD,-7.0,23.45,77.67,49,61,5.37,broken clouds
509,Mangai,CD,-4.05,19.5333,78.71,59,68,1.43,broken clouds
510,Mahajanga,MG,-15.7167,46.3167,73.42,83,20,3.44,few clouds
511,Zion,US,42.4461,-87.8328,88.27,70,88,1.99,overcast clouds
512,Brae,GB,60.3964,-1.353,51.78,69,4,9.46,clear sky
513,Yongan,CN,39.6957,113.6871,53.11,93,79,2.24,broken clouds
514,Piacabucu,BR,-10.4056,-36.4344,77.94,69,30,10.11,scattered clouds
515,Boli,CN,45.7667,130.5167,59.76,74,100,4.5,light rain
516,Jiancheng,CN,30.391,104.5491,68.4,91,100,12.84,overcast clouds
517,Cockburn Town,TC,21.4612,-71.1419,85.96,66,40,18.41,scattered clouds
518,Campbell River,CA,50.0163,-125.2446,65.73,67,75,6.91,broken clouds
519,Roald,NO,62.5833,6.1333,58.15,76,75,11.5,broken clouds
520,Kano,NG,12.0001,8.5167,71.49,94,20,6.91,few clouds
521,Amahai,ID,-3.3333,128.9167,76.62,89,95,1.9,overcast clouds
522,Bubaque,GW,11.2833,-15.8333,81.75,80,93,12.73,overcast clouds
523,Cedral,MX,23.8,-100.7333,78.94,45,65,1.92,broken clouds
524,Pangody,RU,65.85,74.4859,40.33,68,94,10.69,overcast clouds
525,Dawson Creek,CA,55.7666,-120.2362,64.04,48,0,18.41,clear sky
526,Emerald,AU,-23.5333,148.1667,58.33,83,0,8.79,clear sky
527,Savannah Bight,HN,16.45,-85.85,83.59,77,79,15.3,broken clouds
528,Konibodom,TJ,40.2843,70.4426,78.8,15,21,7.4,few clouds
529,Anchorage,US,61.2181,-149.9003,55.58,94,75,0.0,fog
530,Yamada,JP,39.4667,141.95,60.08,85,0,4.94,clear sky
531,Laguna,US,38.421,-121.4238,84.02,58,0,8.05,clear sky
532,Biltine,TD,14.5333,20.9167,82.6,54,99,5.39,overcast clouds
533,Buldana,IN,20.5333,76.1833,72.99,86,100,5.14,overcast clouds
534,Belyy Yar,RU,53.6039,91.3903,49.89,66,0,6.71,clear sky
535,Batagay-Alyta,RU,67.8006,130.4114,39.47,91,22,4.16,few clouds
536,Golyshmanovo,RU,56.3979,68.3728,56.35,61,4,8.88,clear sky
537,Sapa,PH,5.1544,120.3241,81.18,81,30,9.51,scattered clouds
538,Palmer,US,42.1584,-72.3287,82.24,55,34,3.58,scattered clouds
539,Imbituba,BR,-28.24,-48.6703,54.39,87,100,19.28,overcast clouds
540,Jacareacanga,BR,-6.2222,-57.7528,96.06,33,100,3.67,overcast clouds
541,Pokaran,IN,26.9167,71.9167,85.01,60,94,12.48,overcast clouds
542,Hopewell,US,37.3043,-77.2872,94.6,60,7,4.25,clear sky
543,Gualeguay,AR,-33.1416,-59.3097,55.17,30,0,9.55,clear sky
544,Torbat-E Jam,IR,35.244,60.6225,72.55,17,0,15.7,clear sky
545,Ayame,CI,5.6083,-3.1563,75.87,77,95,7.07,overcast clouds
546,Salalah,OM,17.0151,54.0924,76.26,88,99,3.51,overcast clouds
547,Harper,LR,4.375,-7.7169,76.19,86,97,10.31,moderate rain
548,Senanga,ZM,-16.1167,23.2667,74.07,20,8,5.03,clear sky
549,San Juan,AR,-31.5375,-68.5364,61.38,13,0,5.21,clear sky
550,Manado,ID,1.487,124.8455,74.17,94,20,1.14,few clouds
551,Sydney,AU,-33.8679,151.2073,56.59,92,0,4.61,clear sky
552,Patacamaya,BO,-17.2333,-67.9167,54.5,30,71,13.98,broken clouds
553,Tonantins,BR,-2.8731,-67.8022,94.64,39,81,2.48,broken clouds
554,Hobyo,SO,5.3505,48.5268,75.74,82,5,26.31,clear sky
555,Narsimhapur,IN,22.95,79.2,76.46,91,100,1.79,moderate rain
556,Benton,US,36.3334,-94.3335,88.36,67,93,1.01,overcast clouds
557,Horta,PT,38.5333,-28.6333,76.64,69,75,10.36,broken clouds
558,Tricase,IT,39.9304,18.3553,82.31,74,3,7.47,clear sky
559,Awjilah,LY,29.1081,21.2869,91.44,31,0,11.27,clear sky
